,Saldo,Limite.Cupo,utilizacion_cupo,Edad.Mora,Vr.Mora,Target
count,50001.0,50001.0,50001.0,50001.0,50001.0,50001.0
mean,340878.3328059439,1265603.8279234415,0.3499087453383888,90.32279354412911,33121.059113617725,0.028239435211295773
std,713711.4457036841,6481919.736817503,0.5336958909724064,410.5902237047615,180141.02745168647,0.16565783515914334
min,0.0,150000.0,0.0,0.0,0.0,0.0
25%,0.0,500000.0,0.0,0.0,0.0,0.0
50%,0.66,750000.0,8.428571428571428e-07,0.0,0.0,0.0
75%,497708.51,1288000.0,0.6679403866666667,0.0,0.0,0.0
max,18937683.69,1400000000.0,2.0,4050.0,9928620.11,1.0
