Strategy,AUC_ROC,Precision,Recall,F1_Score,Precision_at_K
Class Weights,0.8556185916450851,0.17190388170055454,0.6595744680851063,0.2727272727272727,0.178
Undersampling,0.8650922482028693,0.40268456375838924,0.2127659574468085,0.27842227378190254,0.188
Oversampling,0.866700562399161,0.5757575757575758,0.1347517730496454,0.21839080459770116,0.188
